Fund Name,P1,P2,P3,P4,P5,Topsis Score,Rank
M1,0.67,0.45,6.5,42.6,12.56,0.21516477957939756,8
M2,0.6,0.36,3.6,53.3,14.47,0.4680077217192938,4
M3,0.82,0.67,3.8,63.1,17.1,0.8614812347511583,1
M4,0.6,0.36,3.5,69.2,18.42,0.5885473629444463,3
M5,0.76,0.58,4.8,43.0,12.29,0.4507535668101614,5
M6,0.69,0.48,6.6,48.7,14.12,0.326624234590125,7
M7,0.79,0.62,4.8,59.2,16.35,0.6954636499145801,2
M8,0.84,0.71,6.5,34.5,10.64,0.41415102365682993,6
